Urls,Titulos,Categoria,Descripcion,Valoraciones,Precio,Estrellas,Fecha subida,Direccion,Num veces visto,Me gustas,Estado,Envio,Reservado,Url Usuario,Imagenes
https://es.wallapop.com/item/vaporetto-polti-1500-888172753,vaporetto-polti-1500,Electrodomésticos,,,,,02-abr-23,,,,,,,,
https://es.wallapop.com/item/plataforma-vibratoria-vibro-fit-888172642,plataforma-vibratoria-vibro-fit,Electrodomésticos,,,,,02-abr-23,,,,,,,,
https://es.wallapop.com/item/plancha-tefal-888169503,plancha-tefal,Electrodomésticos,,,,,02-abr-23,,,,,,,,
https://es.wallapop.com/item/paellera-electrica-888168961,paellera-electrica,Electrodomésticos,,,,,02-abr-23,,,,,,,,
https://es.wallapop.com/item/aspiracion-centralizada-888166161,aspiracion-centralizada,Electrodomésticos,,,,,02-abr-23,,,,,,,,
https://es.wallapop.com/item/robot-de-cocina-888165636,robot-de-cocina,Electrodomésticos,,,,,02-abr-23,,,,,,,,
https://es.wallapop.com/item/calentador-gas-butano-nuevo-sin-usar-888161380,calentador-gas-butano-nuevo-sin-usar,Electrodomésticos,,,,,02-abr-23,,,,,,,,
https://es.wallapop.com/item/parrilla-princess-888159401,parrilla-princess,Electrodomésticos,,,,,02-abr-23,,,,,,,,
https://es.wallapop.com/item/placa-lavadora-samsung-888158132,placa-lavadora-samsung,Electrodomésticos,,,,,02-abr-23,,,,,,,,
https://es.wallapop.com/item/accesorios-aspirador-kebold-eb370-888158071,accesorios-aspirador-kebold-eb370,Electrodomésticos,,,,,02-abr-23,,,,,,,,
https://es.wallapop.com/item/horno-lynx-888155896,horno-lynx,Electrodomésticos,,,,,02-abr-23,,,,,,,,
https://es.wallapop.com/item/radiador-de-aceite-obergozo-888154966,radiador-de-aceite-obergozo,Electrodomésticos,,,,,02-abr-23,,,,,,,,
https://es.wallapop.com/item/radiador-bajo-consumo-888152616,radiador-bajo-consumo,Electrodomésticos,,,,,02-abr-23,,,,,,,,
https://es.wallapop.com/item/calefactor-de-aire-aigostar-888152451,calefactor-de-aire-aigostar,Electrodomésticos,,,,,02-abr-23,,,,,,,,
https://es.wallapop.com/item/grifo-cocina-888150364,grifo-cocina,Electrodomésticos,,,,,02-abr-23,,,,,,,,
https://es.wallapop.com/item/fregadero-888149464,fregadero,Electrodomésticos,,,,,02-abr-23,,,,,,,,
https://es.wallapop.com/item/secadora-aeg-888149119,secadora-aeg,Electrodomésticos,,,,,02-abr-23,,,,,,,,
https://es.wallapop.com/item/fondue-888146309,fondue,Electrodomésticos,,,,,02-abr-23,,,,,,,,
https://es.wallapop.com/item/piezas-exprimidor-jocca-888146074,piezas-exprimidor-jocca,Electrodomésticos,,,,,02-abr-23,,,,,,,,
https://es.wallapop.com/item/deshumuficador-vintage-888138625,deshumuficador-vintage,Electrodomésticos,,,,,02-abr-23,,,,,,,,
https://es.wallapop.com/item/se-venden-neveras-hosteleria-888138481,se-venden-neveras-hosteleria,Electrodomésticos,,,,,02-abr-23,,,,,,,,
https://es.wallapop.com/item/congelador-vertical-hisense-con-5-cajones-145-cm-888138199,congelador-vertical-hisense-con-5-cajones-145-cm,Electrodomésticos,,,,,02-abr-23,,,,,,,,
https://es.wallapop.com/item/cafetera-gaggia-kb-2000-888133253,cafetera-gaggia-kb-2000,Electrodomésticos,,,,,02-abr-23,,,,,,,,
https://es.wallapop.com/item/robot-cocina-no-funciona-888132208,robot-cocina-no-funciona,Electrodomésticos,,,,,02-abr-23,,,,,,,,
https://es.wallapop.com/item/lavavajillas-balay-blanco--3-bandeja--a---888131239,lavavajillas-balay-blanco--3-bandeja--a--,Electrodomésticos,,,,,02-abr-23,,,,,,,,
https://es.wallapop.com/item/cafetera-integrable--empotrable-whirlpool-888127079,cafetera-integrable--empotrable-whirlpool,Electrodomésticos,,,,,02-abr-23,,,,,,,,
https://es.wallapop.com/item/plancha-vertical-888125306,plancha-vertical,Electrodomésticos,,,,,02-abr-23,,,,,,,,
https://es.wallapop.com/item/acumuladores-888119029,acumuladores,Electrodomésticos,,,,,02-abr-23,,,,,,,,
https://es.wallapop.com/item/licuadora-888118146,licuadora,Electrodomésticos,,,,,02-abr-23,,,,,,,,
https://es.wallapop.com/item/arcon-congelador-zanussi-888116406,arcon-congelador-zanussi,Electrodomésticos,,,,,02-abr-23,,,,,,,,
https://es.wallapop.com/item/freidora-888116045,freidora,Electrodomésticos,,,,,02-abr-23,,,,,,,,
https://es.wallapop.com/item/nevera-y-congelador-zanussi-888111795,nevera-y-congelador-zanussi,Electrodomésticos,,,,,02-abr-23,,,,,,,,
https://es.wallapop.com/item/picadora-y-molinillo-183-888106922,picadora-y-molinillo-183,Electrodomésticos,,,,,02-abr-23,,,,,,,,
https://es.wallapop.com/item/deshumidificador-ufesa-arisan-20l-888101671,deshumidificador-ufesa-arisan-20l,Electrodomésticos,,,,,02-abr-23,,,,,,,,
https://es.wallapop.com/item/arcon-congelador-isla-888098696,arcon-congelador-isla,Electrodomésticos,,,,,02-abr-23,,,,,,,,
https://es.wallapop.com/item/tostadora-russell-hobbs-888095838,tostadora-russell-hobbs,Electrodomésticos,,,,,02-abr-23,,,,,,,,
https://es.wallapop.com/item/maquina-de-coser-888079257,maquina-de-coser,Electrodomésticos,,,,,02-abr-23,,,,,,,,
https://es.wallapop.com/item/corta-pelos-recargable-usb-888077067,corta-pelos-recargable-usb,Electrodomésticos,,,,,02-abr-23,,,,,,,,
https://es.wallapop.com/item/secador-rowenta-888076941,secador-rowenta,Electrodomésticos,,,,,02-abr-23,,,,,,,,
https://es.wallapop.com/item/aspiradora-proscenic-p12-888076797,aspiradora-proscenic-p12,Electrodomésticos,,,,,02-abr-23,,,,,,,,
https://es.wallapop.com/item/figura-ceramica-888174088,figura-ceramica,Hogar y jardin,,,,,02-abr-23,,,,,,,,
https://es.wallapop.com/item/lote-lamparas-888173924,lote-lamparas,Hogar y jardin,,,,,02-abr-23,,,,,,,,
https://es.wallapop.com/item/jarron-888173700,jarron,Hogar y jardin,,,,,02-abr-23,,,,,,,,
https://es.wallapop.com/item/loza-decorativa-888173536,loza-decorativa,Hogar y jardin,,,,,02-abr-23,,,,,,,,
https://es.wallapop.com/item/juego-maletas-888173222,juego-maletas,Hogar y jardin,,,,,02-abr-23,,,,,,,,
https://es.wallapop.com/item/silla-mimbre-sillon-butaca-mimbre-888172335,silla-mimbre-sillon-butaca-mimbre,Hogar y jardin,,,,,02-abr-23,,,,,,,,
https://es.wallapop.com/item/escritorio-de-madera-con-cajonera-888172325,escritorio-de-madera-con-cajonera,Hogar y jardin,,,,,02-abr-23,,,,,,,,
https://es.wallapop.com/item/juego-de-cafe-888172296,juego-de-cafe,Hogar y jardin,,,,,02-abr-23,,,,,,,,
https://es.wallapop.com/item/nvj-buck-inox-888172206,nvj-buck-inox,Hogar y jardin,,,,,02-abr-23,,,,,,,,
https://es.wallapop.com/item/mesita-noche-888171816,mesita-noche,Hogar y jardin,,,,,02-abr-23,,,,,,,,
https://es.wallapop.com/item/sofa-cama-de-dos-plazas-888171814,sofa-cama-de-dos-plazas,Hogar y jardin,,,,,02-abr-23,,,,,,,,
https://es.wallapop.com/item/armario-brimens-2-puertas-888171560,armario-brimens-2-puertas,Hogar y jardin,,,,,02-abr-23,,,,,,,,
https://es.wallapop.com/item/portarollos-papel-higienico-888171367,portarollos-papel-higienico,Hogar y jardin,,,,,02-abr-23,,,,,,,,
https://es.wallapop.com/item/sofa-de-piel-ikea-888170997,sofa-de-piel-ikea,Hogar y jardin,,,,,02-abr-23,,,,,,,,
https://es.wallapop.com/item/termo-888170951,termo,Hogar y jardin,,,,,02-abr-23,,,,,,,,
https://es.wallapop.com/item/armario-zapatero-888170849,armario-zapatero,Hogar y jardin,,,,,02-abr-23,,,,,,,,
https://es.wallapop.com/item/mesa-redonda-hecha-a-mano-888170769,mesa-redonda-hecha-a-mano,Hogar y jardin,,,,,02-abr-23,,,,,,,,
https://es.wallapop.com/item/pack-para-nuria-888170553,pack-para-nuria,Hogar y jardin,,,,,02-abr-23,,,,,,,,
https://es.wallapop.com/item/mueble-aparador-888170484,mueble-aparador,Hogar y jardin,,,,,02-abr-23,,,,,,,,
https://es.wallapop.com/item/cuadros-888169878,cuadros,Hogar y jardin,,,,,02-abr-23,,,,,,,,
https://es.wallapop.com/item/sillas-de-madera-888168904,sillas-de-madera,Hogar y jardin,,,,,02-abr-23,,,,,,,,
https://es.wallapop.com/item/silla-de-oficina-888168872,silla-de-oficina,Hogar y jardin,,,,,02-abr-23,,,,,,,,
https://es.wallapop.com/item/cabina-hidromasaje-888168818,cabina-hidromasaje,Hogar y jardin,,,,,02-abr-23,,,,,,,,
https://es.wallapop.com/item/portafotos-888168790,portafotos,Hogar y jardin,,,,,02-abr-23,,,,,,,,
https://es.wallapop.com/item/pantalla-pintada-a-mano-888168615,pantalla-pintada-a-mano,Hogar y jardin,,,,,02-abr-23,,,,,,,,
https://es.wallapop.com/item/transportin-perro-gato-888167983,transportin-perro-gato,Hogar y jardin,,,,,02-abr-23,,,,,,,,
https://es.wallapop.com/item/caja-madera-decorativa-888167477,caja-madera-decorativa,Hogar y jardin,,,,,02-abr-23,,,,,,,,
https://es.wallapop.com/item/paraguero-888167436,paraguero,Hogar y jardin,,,,,02-abr-23,,,,,,,,
https://es.wallapop.com/item/mesa-escritorio-888167314,mesa-escritorio,Hogar y jardin,,,,,02-abr-23,,,,,,,,
https://es.wallapop.com/item/cesta-mimbre-45x38x13-cms-888167072,cesta-mimbre-45x38x13-cms,Hogar y jardin,,,,,02-abr-23,,,,,,,,
https://es.wallapop.com/item/antiguo-espejo-de-bronce-con-lamparas-888166607,antiguo-espejo-de-bronce-con-lamparas,Hogar y jardin,,,,,02-abr-23,,,,,,,,
https://es.wallapop.com/item/tocador-888166506,tocador,Hogar y jardin,,,,,02-abr-23,,,,,,,,
https://es.wallapop.com/item/juego-de-cafe-888166101,juego-de-cafe,Hogar y jardin,,,,,02-abr-23,,,,,,,,
https://es.wallapop.com/item/cesto-888165554,cesto,Hogar y jardin,,,,,02-abr-23,,,,,,,,
https://es.wallapop.com/item/armario-888164316,armario,Hogar y jardin,,,,,02-abr-23,,,,,,,,
https://es.wallapop.com/item/vitrina-antigua-888163680,vitrina-antigua,Hogar y jardin,,,,,02-abr-23,,,,,,,,
https://es.wallapop.com/item/vide-888163652,vide,Hogar y jardin,,,,,02-abr-23,,,,,,,,
https://es.wallapop.com/item/jaula-para-cobayaconejo-hamster-nueva-888163587,jaula-para-cobayaconejo-hamster-nueva,Hogar y jardin,,,,,02-abr-23,,,,,,,,
https://es.wallapop.com/item/asas-para-compartimentoarmario-888163033,asas-para-compartimentoarmario,Hogar y jardin,,,,,02-abr-23,,,,,,,,
https://es.wallapop.com/item/mesa-160-x-90-cm-extensible-240-x-90-cm-888162808,mesa-160-x-90-cm-extensible-240-x-90-cm,Hogar y jardin,,,,,02-abr-23,,,,,,,,
https://es.wallapop.com/item/suzuki-gsx-r-1300-hayabusa-888173087,suzuki-gsx-r-1300-hayabusa,Coleccionismo,,,,,02-abr-23,,,,,,,,
https://es.wallapop.com/item/tornillo-de-sujecion-mobba-original-pocas-unidades-888172851,tornillo-de-sujecion-mobba-original-pocas-unidades,Coleccionismo,,,,,02-abr-23,,,,,,,,
https://es.wallapop.com/item/insignia-efecto-cromado-888172298,insignia-efecto-cromado,Coleccionismo,,,,,02-abr-23,,,,,,,,
https://es.wallapop.com/item/nancy-888172075,nancy,Coleccionismo,,,,,02-abr-23,,,,,,,,
https://es.wallapop.com/item/lote-insignias-mobba-muy-antiguas-888171568,lote-insignias-mobba-muy-antiguas,Coleccionismo,,,,,02-abr-23,,,,,,,,
https://es.wallapop.com/item/carta-gavi-revelacion-oro-888171562,carta-gavi-revelacion-oro,Coleccionismo,,,,,02-abr-23,,,,,,,,
https://es.wallapop.com/item/clavador-3d-888171323,clavador-3d,Coleccionismo,,,,,02-abr-23,,,,,,,,
https://es.wallapop.com/item/kit-completo-para-diorama-escala-118-888170140,kit-completo-para-diorama-escala-118,Coleccionismo,,,,,02-abr-23,,,,,,,,
https://es.wallapop.com/item/insignia-mobba-esmaltada-888169787,insignia-mobba-esmaltada,Coleccionismo,,,,,02-abr-23,,,,,,,,
https://es.wallapop.com/item/carta-adrenalyn-unai-simon-firmada-888169199,carta-adrenalyn-unai-simon-firmada,Coleccionismo,,,,,02-abr-23,,,,,,,,
https://es.wallapop.com/item/muneco-de-payaso-888168674,muneco-de-payaso,Coleccionismo,,,,,02-abr-23,,,,,,,,
https://es.wallapop.com/item/lote-adrenalyn-guantes-de-oro-888168580,lote-adrenalyn-guantes-de-oro,Coleccionismo,,,,,02-abr-23,,,,,,,,
https://es.wallapop.com/item/familia-de-jabalis-schleich-888168349,familia-de-jabalis-schleich,Coleccionismo,,,,,02-abr-23,,,,,,,,
https://es.wallapop.com/item/caja-imprenta-numeros-y-caracteres-matematicos-888167933,caja-imprenta-numeros-y-caracteres-matematicos,Coleccionismo,,,,,02-abr-23,,,,,,,,
https://es.wallapop.com/item/balon-firmado-r-madrid-castilla-888167239,balon-firmado-r-madrid-castilla,Coleccionismo,,,,,02-abr-23,,,,,,,,
https://es.wallapop.com/item/peluqueria-barriguitas-888166564,peluqueria-barriguitas,Coleccionismo,,,,,02-abr-23,,,,,,,,
https://es.wallapop.com/item/naipes-espanol-que-me-dieron-de-propaganda-888166222,naipes-espanol-que-me-dieron-de-propaganda,Coleccionismo,,,,,02-abr-23,,,,,,,,
https://es.wallapop.com/item/manual-nintendo-888165615,manual-nintendo,Coleccionismo,,,,,02-abr-23,,,,,,,,
https://es.wallapop.com/item/vestidos-hannibal-laguna-y-roberto-verino-nancy-888165301,vestidos-hannibal-laguna-y-roberto-verino-nancy,Coleccionismo,,,,,02-abr-23,,,,,,,,
https://es.wallapop.com/item/cajitas-londinenses-vacias-888165004,cajitas-londinenses-vacias,Coleccionismo,,,,,02-abr-23,,,,,,,,
https://es.wallapop.com/item/huevo-pinypon-888163104,huevo-pinypon,Coleccionismo,,,,,02-abr-23,,,,,,,,
https://es.wallapop.com/item/hot-wheels-888161233,hot-wheels,Coleccionismo,,,,,02-abr-23,,,,,,,,
https://es.wallapop.com/item/corta-ostias-888160782,corta-ostias,Coleccionismo,,,,,02-abr-23,,,,,,,,
https://es.wallapop.com/item/baston-de-dominancia-mtg-888157179,baston-de-dominancia-mtg,Coleccionismo,,,,,02-abr-23,,,,,,,,
https://es.wallapop.com/item/exalted-angel-30-aniversario-mtg-888155956,exalted-angel-30-aniversario-mtg,Coleccionismo,,,,,02-abr-23,,,,,,,,
https://es.wallapop.com/item/llanura-de-kamigawa-mtg-888154526,llanura-de-kamigawa-mtg,Coleccionismo,,,,,02-abr-23,,,,,,,,
https://es.wallapop.com/item/contrahechizo-foil-30-aniversario-mtg-888153362,contrahechizo-foil-30-aniversario-mtg,Coleccionismo,,,,,02-abr-23,,,,,,,,
https://es.wallapop.com/item/reloj-longines-caballero-mecanico-888150084,reloj-longines-caballero-mecanico,Coleccionismo,,,,,02-abr-23,,,,,,,,
https://es.wallapop.com/item/jarron-con-bordes-de-oro-888149686,jarron-con-bordes-de-oro,Coleccionismo,,,,,02-abr-23,,,,,,,,
https://es.wallapop.com/item/juego-de-cristales-888149330,juego-de-cristales,Coleccionismo,,,,,02-abr-23,,,,,,,,
https://es.wallapop.com/item/sobres-de-cromos-vacios-witch-888148732,sobres-de-cromos-vacios-witch,Coleccionismo,,,,,02-abr-23,,,,,,,,
https://es.wallapop.com/item/tibor-con-plata-888148515,tibor-con-plata,Coleccionismo,,,,,02-abr-23,,,,,,,,
https://es.wallapop.com/item/pitillera-cuero-888146919,pitillera-cuero,Coleccionismo,,,,,02-abr-23,,,,,,,,
https://es.wallapop.com/item/rosario-de-nacar-y-plata-888146070,rosario-de-nacar-y-plata,Coleccionismo,,,,,02-abr-23,,,,,,,,
https://es.wallapop.com/item/excelente-relojero-para-12-relojes-888144721,excelente-relojero-para-12-relojes,Coleccionismo,,,,,02-abr-23,,,,,,,,
https://es.wallapop.com/item/album-fotografico-888144529,album-fotografico,Coleccionismo,,,,,02-abr-23,,,,,,,,
https://es.wallapop.com/item/desangrar-mtg-888140371,desangrar-mtg,Coleccionismo,,,,,02-abr-23,,,,,,,,
https://es.wallapop.com/item/coleccion-tomos-walt-disney-y-hanna-barbera-888139444,coleccion-tomos-walt-disney-y-hanna-barbera,Coleccionismo,,,,,02-abr-23,,,,,,,,
https://es.wallapop.com/item/placa-888139341,placa,Coleccionismo,,,,,02-abr-23,,,,,,,,
https://es.wallapop.com/item/monopoly-888137573,monopoly,Coleccionismo,,,,,02-abr-23,,,,,,,,
https://es.wallapop.com/item/tija-direccion-888172665,tija-direccion,Bicicletas,,,,,02-abr-23,,,,,,,,
https://es.wallapop.com/item/bmx-bh-shark-888170243,bmx-bh-shark,Bicicletas,,,,,02-abr-23,,,,,,,,
https://es.wallapop.com/item/hoverboard-888164579,hoverboard,Bicicletas,,,,,02-abr-23,,,,,,,,
https://es.wallapop.com/item/horquilla-suspension-lefty-pbr-90-888161554,horquilla-suspension-lefty-pbr-90,Bicicletas,,,,,02-abr-23,,,,,,,,
https://es.wallapop.com/item/bicicleta-estatica-888160464,bicicleta-estatica,Bicicletas,,,,,02-abr-23,,,,,,,,
https://es.wallapop.com/item/casete-xt-10v-en-perfecto-estado-888152677,casete-xt-10v-en-perfecto-estado,Bicicletas,,,,,02-abr-23,,,,,,,,
https://es.wallapop.com/item/portabicicletas-888150759,portabicicletas,Bicicletas,,,,,02-abr-23,,,,,,,,
https://es.wallapop.com/item/triciclo-3-5-anos-888147651,triciclo-3-5-anos,Bicicletas,,,,,02-abr-23,,,,,,,,
https://es.wallapop.com/item/trek-remedy-talla-l-888146346,trek-remedy-talla-l,Bicicletas,,,,,02-abr-23,,,,,,,,
https://es.wallapop.com/item/conor-afx-888142184,conor-afx,Bicicletas,,,,,02-abr-23,,,,,,,,
https://es.wallapop.com/item/pedales-crankbrothers-eggbeater-3-888138688,pedales-crankbrothers-eggbeater-3,Bicicletas,,,,,02-abr-23,,,,,,,,
https://es.wallapop.com/item/bicicleta-de-paseo-moma-888138078,bicicleta-de-paseo-moma,Bicicletas,,,,,02-abr-23,,,,,,,,
https://es.wallapop.com/item/bicicleta-de-24-pulgadas-ninoa-de-8-a-12-anos-888133207,bicicleta-de-24-pulgadas-ninoa-de-8-a-12-anos,Bicicletas,,,,,02-abr-23,,,,,,,,
https://es.wallapop.com/item/piloto-trasero-rinder-para-bicicletas-y-ciclimotor-888130631,piloto-trasero-rinder-para-bicicletas-y-ciclimotor,Bicicletas,,,,,02-abr-23,,,,,,,,
https://es.wallapop.com/item/bicicleta-btwin-talla-s-26-888130629,bicicleta-btwin-talla-s-26,Bicicletas,,,,,02-abr-23,,,,,,,,
https://es.wallapop.com/item/morcilla-y-ki-bmx-racing-team-888128085,morcilla-y-ki-bmx-racing-team,Bicicletas,,,,,02-abr-23,,,,,,,,
https://es.wallapop.com/item/thule-portabicicletas-888125588,thule-portabicicletas,Bicicletas,,,,,02-abr-23,,,,,,,,
https://es.wallapop.com/item/conjunto-de-3-piezas-bmx-888125442,conjunto-de-3-piezas-bmx,Bicicletas,,,,,02-abr-23,,,,,,,,
https://es.wallapop.com/item/conjunto-de-protecciones-para-bh-california-bmx-888124708,conjunto-de-protecciones-para-bh-california-bmx,Bicicletas,,,,,02-abr-23,,,,,,,,
https://es.wallapop.com/item/bicicleta-electrica-haibike-alltrack-6-888123441,bicicleta-electrica-haibike-alltrack-6,Bicicletas,,,,,02-abr-23,,,,,,,,
https://es.wallapop.com/item/bicicleta-berria-electrica-888121787,bicicleta-berria-electrica,Bicicletas,,,,,02-abr-23,,,,,,,,
https://es.wallapop.com/item/morcilla-bici-cross-888121521,morcilla-bici-cross,Bicicletas,,,,,02-abr-23,,,,,,,,
https://es.wallapop.com/item/fixie-888119130,fixie,Bicicletas,,,,,02-abr-23,,,,,,,,
https://es.wallapop.com/item/bicicleta-bh-coronas-888118250,bicicleta-bh-coronas,Bicicletas,,,,,02-abr-23,,,,,,,,
https://es.wallapop.com/item/carretera-triban-100-talla-m-888116188,carretera-triban-100-talla-m,Bicicletas,,,,,02-abr-23,,,,,,,,
https://es.wallapop.com/item/porta-bicis-888111129,porta-bicis,Bicicletas,,,,,02-abr-23,,,,,,,,
https://es.wallapop.com/item/bicicleta-carretera-888110286,bicicleta-carretera,Bicicletas,,,,,02-abr-23,,,,,,,,
https://es.wallapop.com/item/bicicleta-12-888108036,bicicleta-12,Bicicletas,,,,,02-abr-23,,,,,,,,
https://es.wallapop.com/item/bici-fixsie-polanbike-poco-uso-888098486,bici-fixsie-polanbike-poco-uso,Bicicletas,,,,,02-abr-23,,,,,,,,
https://es.wallapop.com/item/bicicleta-chicco-rosa-888093226,bicicleta-chicco-rosa,Bicicletas,,,,,02-abr-23,,,,,,,,
https://es.wallapop.com/item/manetas-cambio-y-freno-shimano-888080667,manetas-cambio-y-freno-shimano,Bicicletas,,,,,02-abr-23,,,,,,,,
https://es.wallapop.com/item/bmx-screecaction-xr-888074857,bmx-screecaction-xr,Bicicletas,,,,,02-abr-23,,,,,,,,
https://es.wallapop.com/item/garmin-edge-530---pulsometro---soporte-888074796,garmin-edge-530---pulsometro---soporte,Bicicletas,,,,,02-abr-23,,,,,,,,
https://es.wallapop.com/item/fiido-d4s-888066343,fiido-d4s,Bicicletas,,,,,02-abr-23,,,,,,,,
https://es.wallapop.com/item/bicicleta-nin-monty-102-888054544,bicicleta-nin-monty-102,Bicicletas,,,,,02-abr-23,,,,,,,,
https://es.wallapop.com/item/giro-foray-talla-m-55-59-888052286,giro-foray-talla-m-55-59,Bicicletas,,,,,02-abr-23,,,,,,,,
https://es.wallapop.com/item/zapatillas-ciclismo-888051491,zapatillas-ciclismo,Bicicletas,,,,,02-abr-23,,,,,,,,
https://es.wallapop.com/item/asiento-de-espuma-teide-888042721,asiento-de-espuma-teide,Bicicletas,,,,,02-abr-23,,,,,,,,
https://es.wallapop.com/item/bici-btwin-888041987,bici-btwin,Bicicletas,,,,,02-abr-23,,,,,,,,
https://es.wallapop.com/item/s-works-prevail-ii-vent-888038727,s-works-prevail-ii-vent,Bicicletas,,,,,02-abr-23,,,,,,,,
https://es.wallapop.com/item/fever-moto-minnie-rosa-888173702,fever-moto-minnie-rosa,Niños y bebés,,,,,02-abr-23,,,,,,,,
https://es.wallapop.com/item/lote-mantas-888172971,lote-mantas,Niños y bebés,,,,,02-abr-23,,,,,,,,
https://es.wallapop.com/item/fabrica-de-globos--precio-en-tienda-2095-888172777,fabrica-de-globos--precio-en-tienda-2095,Niños y bebés,,,,,02-abr-23,,,,,,,,
https://es.wallapop.com/item/pantalon-hm-888171832,pantalon-hm,Niños y bebés,,,,,02-abr-23,,,,,,,,
https://es.wallapop.com/item/deportivas-888167940,deportivas,Niños y bebés,,,,,02-abr-23,,,,,,,,
https://es.wallapop.com/item/vestido-mia-y-lia-888167810,vestido-mia-y-lia,Niños y bebés,,,,,02-abr-23,,,,,,,,
https://es.wallapop.com/item/clinicahospital-de-barriguitas-888167512,clinicahospital-de-barriguitas,Niños y bebés,,,,,02-abr-23,,,,,,,,
https://es.wallapop.com/item/casa-barriguitas-888167107,casa-barriguitas,Niños y bebés,,,,,02-abr-23,,,,,,,,
https://es.wallapop.com/item/silla-maxi-cosi-888167099,silla-maxi-cosi,Niños y bebés,,,,,02-abr-23,,,,,,,,
https://es.wallapop.com/item/chaqueta-chandal-adidas-talla-13-14-anos-888166508,chaqueta-chandal-adidas-talla-13-14-anos,Niños y bebés,,,,,02-abr-23,,,,,,,,
https://es.wallapop.com/item/banco-carpitero-bosch-888163181,banco-carpitero-bosch,Niños y bebés,,,,,02-abr-23,,,,,,,,
https://es.wallapop.com/item/lote-vestidos-4-5-6-anos-888162875,lote-vestidos-4-5-6-anos,Niños y bebés,,,,,02-abr-23,,,,,,,,
https://es.wallapop.com/item/construye-un-autobus-de-jueguettos-888160743,construye-un-autobus-de-jueguettos,Niños y bebés,,,,,02-abr-23,,,,,,,,
https://es.wallapop.com/item/peluche-oso-888159877,peluche-oso,Niños y bebés,,,,,02-abr-23,,,,,,,,
https://es.wallapop.com/item/tozudo-de-hasbro-888158932,tozudo-de-hasbro,Niños y bebés,,,,,02-abr-23,,,,,,,,
https://es.wallapop.com/item/camisetas-2-anos-mayoral-888157823,camisetas-2-anos-mayoral,Niños y bebés,,,,,02-abr-23,,,,,,,,
https://es.wallapop.com/item/lote-camisetas-zara-18-meses-888157509,lote-camisetas-zara-18-meses,Niños y bebés,,,,,02-abr-23,,,,,,,,
https://es.wallapop.com/item/lote-4-pantalones-cortos-zara-18-meses-888157089,lote-4-pantalones-cortos-zara-18-meses,Niños y bebés,,,,,02-abr-23,,,,,,,,
https://es.wallapop.com/item/traje-nino-comunion-888156761,traje-nino-comunion,Niños y bebés,,,,,02-abr-23,,,,,,,,
https://es.wallapop.com/item/polo-blanco-6-anos-timberland-888156687,polo-blanco-6-anos-timberland,Niños y bebés,,,,,02-abr-23,,,,,,,,
https://es.wallapop.com/item/animales-schleich-nuevos-verde-888156637,animales-schleich-nuevos-verde,Niños y bebés,,,,,02-abr-23,,,,,,,,
https://es.wallapop.com/item/vestido-5-anos-eve--children-888156293,vestido-5-anos-eve--children,Niños y bebés,,,,,02-abr-23,,,,,,,,
https://es.wallapop.com/item/vestido-t5---camisa-t7-gocco-888155925,vestido-t5---camisa-t7-gocco,Niños y bebés,,,,,02-abr-23,,,,,,,,
https://es.wallapop.com/item/animales-schleich-nuevos-gris-888155743,animales-schleich-nuevos-gris,Niños y bebés,,,,,02-abr-23,,,,,,,,
https://es.wallapop.com/item/barra-anticaidas-cama-140-cm-888155141,barra-anticaidas-cama-140-cm,Niños y bebés,,,,,02-abr-23,,,,,,,,
https://es.wallapop.com/item/silla-coche-888155088,silla-coche,Niños y bebés,,,,,02-abr-23,,,,,,,,
https://es.wallapop.com/item/sillas-coche-888154582,sillas-coche,Niños y bebés,,,,,02-abr-23,,,,,,,,
https://es.wallapop.com/item/barra-anticaidas-90-cm-888154340,barra-anticaidas-90-cm,Niños y bebés,,,,,02-abr-23,,,,,,,,
https://es.wallapop.com/item/animales-schleich-nuevos-amarilla-888153809,animales-schleich-nuevos-amarilla,Niños y bebés,,,,,02-abr-23,,,,,,,,
https://es.wallapop.com/item/hamaca-888153504,hamaca,Niños y bebés,,,,,02-abr-23,,,,,,,,
https://es.wallapop.com/item/columpio-infantil-madera-888153460,columpio-infantil-madera,Niños y bebés,,,,,02-abr-23,,,,,,,,
https://es.wallapop.com/item/cazadora-benetton-4-5-anos-888153193,cazadora-benetton-4-5-anos,Niños y bebés,,,,,02-abr-23,,,,,,,,
https://es.wallapop.com/item/silla-coche-star-ibaby-888153094,silla-coche-star-ibaby,Niños y bebés,,,,,02-abr-23,,,,,,,,
https://es.wallapop.com/item/coronas-de-cumplemeses-888152846,coronas-de-cumplemeses,Niños y bebés,,,,,02-abr-23,,,,,,,,
https://es.wallapop.com/item/panalera-sangenic-888152184,panalera-sangenic,Niños y bebés,,,,,02-abr-23,,,,,,,,
https://es.wallapop.com/item/animales-schleich-nuevos-roja-888151914,animales-schleich-nuevos-roja,Niños y bebés,,,,,02-abr-23,,,,,,,,
https://es.wallapop.com/item/zapatitos-bebe-talla-19-888151666,zapatitos-bebe-talla-19,Niños y bebés,,,,,02-abr-23,,,,,,,,
https://es.wallapop.com/item/bolso-para-carrito-cochecito-888151041,bolso-para-carrito-cochecito,Niños y bebés,,,,,02-abr-23,,,,,,,,
https://es.wallapop.com/item/patucos-bebe-888150514,patucos-bebe,Niños y bebés,,,,,02-abr-23,,,,,,,,
https://es.wallapop.com/item/patucos-bebe-888149591,patucos-bebe,Niños y bebés,,,,,02-abr-23,,,,,,,,
https://es.wallapop.com/item/fingerboard-dk-888173469,fingerboard-dk,Otros,,,,,02-abr-23,,,,,,,,
https://es.wallapop.com/item/tabla-fingerboard-yellowood-888171016,tabla-fingerboard-yellowood,Otros,,,,,02-abr-23,,,,,,,,
https://es.wallapop.com/item/fingerboard-yellowood-888169838,fingerboard-yellowood,Otros,,,,,02-abr-23,,,,,,,,
https://es.wallapop.com/item/aerografo-888165482,aerografo,Otros,,,,,02-abr-23,,,,,,,,
https://es.wallapop.com/item/transportin-de-tela-para-mascotas-888163415,transportin-de-tela-para-mascotas,Otros,,,,,02-abr-23,,,,,,,,
https://es.wallapop.com/item/jaula-para-conejo-888162948,jaula-para-conejo,Otros,,,,,02-abr-23,,,,,,,,
https://es.wallapop.com/item/consola-relojes-centrales-porsche-924-944-888162858,consola-relojes-centrales-porsche-924-944,Otros,,,,,02-abr-23,,,,,,,,
https://es.wallapop.com/item/pedal-fender-reverb-63-888160597,pedal-fender-reverb-63,Otros,,,,,02-abr-23,,,,,,,,
https://es.wallapop.com/item/tapones-para-los-oidos-marca-widex-888160482,tapones-para-los-oidos-marca-widex,Otros,,,,,02-abr-23,,,,,,,,
https://es.wallapop.com/item/bebe-juguete-888159169,bebe-juguete,Otros,,,,,02-abr-23,,,,,,,,
https://es.wallapop.com/item/5-llantas-con-alguna-rueda-que-aun-valen-888158414,5-llantas-con-alguna-rueda-que-aun-valen,Otros,,,,,02-abr-23,,,,,,,,
https://es.wallapop.com/item/gorras-goorin-bros-888158354,gorras-goorin-bros,Otros,,,,,02-abr-23,,,,,,,,
https://es.wallapop.com/item/cocina-bilbaina-888157561,cocina-bilbaina,Otros,,,,,02-abr-23,,,,,,,,
https://es.wallapop.com/item/vendo-jaula-mediana-888157444,vendo-jaula-mediana,Otros,,,,,02-abr-23,,,,,,,,
https://es.wallapop.com/item/hugo-boss-bottled-tonic-200ml-888155125,hugo-boss-bottled-tonic-200ml,Otros,,,,,02-abr-23,,,,,,,,
https://es.wallapop.com/item/set-de-belleza-888154842,set-de-belleza,Otros,,,,,02-abr-23,,,,,,,,
https://es.wallapop.com/item/hamaca-de-radiador-888152996,hamaca-de-radiador,Otros,,,,,02-abr-23,,,,,,,,
https://es.wallapop.com/item/kit-herramientas-relojeria-888150716,kit-herramientas-relojeria,Otros,,,,,02-abr-23,,,,,,,,
https://es.wallapop.com/item/urna-de-acuario-de-cristal-888148170,urna-de-acuario-de-cristal,Otros,,,,,02-abr-23,,,,,,,,
https://es.wallapop.com/item/pack-personalizado-castrol-888141818,pack-personalizado-castrol,Otros,,,,,02-abr-23,,,,,,,,
https://es.wallapop.com/item/se-vende-mueble-de-bar-888140443,se-vende-mueble-de-bar,Otros,,,,,02-abr-23,,,,,,,,
https://es.wallapop.com/item/troquel-manualidades-888139050,troquel-manualidades,Otros,,,,,02-abr-23,,,,,,,,
https://es.wallapop.com/item/tunel-de-lavado-istobal-888137172,tunel-de-lavado-istobal,Otros,,,,,02-abr-23,,,,,,,,
https://es.wallapop.com/item/peine-snoopy-888135634,peine-snoopy,Otros,,,,,02-abr-23,,,,,,,,
https://es.wallapop.com/item/alquiler-garaje-888135064,alquiler-garaje,Otros,,,,,02-abr-23,,,,,,,,
https://es.wallapop.com/item/troquel-manualidades-888134703,troquel-manualidades,Otros,,,,,02-abr-23,,,,,,,,
https://es.wallapop.com/item/sagrada-familia-888134485,sagrada-familia,Otros,,,,,02-abr-23,,,,,,,,
https://es.wallapop.com/item/skywatcher-eq3-2-888131262,skywatcher-eq3-2,Otros,,,,,02-abr-23,,,,,,,,
https://es.wallapop.com/item/anillos-infantiles-888127743,anillos-infantiles,Otros,,,,,02-abr-23,,,,,,,,
https://es.wallapop.com/item/piscina-888120987,piscina,Otros,,,,,02-abr-23,,,,,,,,
https://es.wallapop.com/item/torniquete-nuevo-888115032,torniquete-nuevo,Otros,,,,,02-abr-23,,,,,,,,
https://es.wallapop.com/item/iman--supermami-888113465,iman--supermami,Otros,,,,,02-abr-23,,,,,,,,
https://es.wallapop.com/item/linterna-led-alta-distancia-888111656,linterna-led-alta-distancia,Otros,,,,,02-abr-23,,,,,,,,
https://es.wallapop.com/item/rotulo-888108874,rotulo,Otros,,,,,02-abr-23,,,,,,,,
https://es.wallapop.com/item/cartera-888107248,cartera,Otros,,,,,02-abr-23,,,,,,,,
https://es.wallapop.com/item/jaulas-grandes-888104796,jaulas-grandes,Otros,,,,,02-abr-23,,,,,,,,
https://es.wallapop.com/item/juego-de-peine-y-espejo-de-plata-888103661,juego-de-peine-y-espejo-de-plata,Otros,,,,,02-abr-23,,,,,,,,
https://es.wallapop.com/item/mxr-booster-mc401-888102826,mxr-booster-mc401,Otros,,,,,02-abr-23,,,,,,,,
https://es.wallapop.com/item/inalambrico-para-guitarra-888100638,inalambrico-para-guitarra,Otros,,,,,02-abr-23,,,,,,,,
https://es.wallapop.com/item/camion-volvo-fm9-888100591,camion-volvo-fm9,Otros,,,,,02-abr-23,,,,,,,,
https://es.wallapop.com/item/cable-extensible-ip55-25m-888174099,cable-extensible-ip55-25m,Construccion,,,,,02-abr-23,,,,,,,,
https://es.wallapop.com/item/sierra-de-diamante-888169238,sierra-de-diamante,Construccion,,,,,02-abr-23,,,,,,,,
https://es.wallapop.com/item/taladro-de-columna-888167417,taladro-de-columna,Construccion,,,,,02-abr-23,,,,,,,,
https://es.wallapop.com/item/guillotina-corte-suelo-laminado-888165468,guillotina-corte-suelo-laminado,Construccion,,,,,02-abr-23,,,,,,,,
https://es.wallapop.com/item/caja-fusibles-vivienda-o-local-888162772,caja-fusibles-vivienda-o-local,Construccion,,,,,02-abr-23,,,,,,,,
https://es.wallapop.com/item/cerradura-puerta-cristal-888162573,cerradura-puerta-cristal,Construccion,,,,,02-abr-23,,,,,,,,
https://es.wallapop.com/item/caja-exterior-de-contador-o-contadores-888160364,caja-exterior-de-contador-o-contadores,Construccion,,,,,02-abr-23,,,,,,,,
https://es.wallapop.com/item/puerta-de-madera-maciza-888160144,puerta-de-madera-maciza,Construccion,,,,,02-abr-23,,,,,,,,
https://es.wallapop.com/item/nivel-con-puntero-laser-888154117,nivel-con-puntero-laser,Construccion,,,,,02-abr-23,,,,,,,,
https://es.wallapop.com/item/estanteria-888153465,estanteria,Construccion,,,,,02-abr-23,,,,,,,,
https://es.wallapop.com/item/lijadora-de-banda-parkside-888152975,lijadora-de-banda-parkside,Construccion,,,,,02-abr-23,,,,,,,,
https://es.wallapop.com/item/escalera-selektra-888149319,escalera-selektra,Construccion,,,,,02-abr-23,,,,,,,,
https://es.wallapop.com/item/puerta-de-entrada-principal-888148114,puerta-de-entrada-principal,Construccion,,,,,02-abr-23,,,,,,,,
https://es.wallapop.com/item/pulidora-lijadora-parquet-lagler-hummel-888137327,pulidora-lijadora-parquet-lagler-hummel,Construccion,,,,,02-abr-23,,,,,,,,
https://es.wallapop.com/item/chapa-tejado-888132236,chapa-tejado,Construccion,,,,,02-abr-23,,,,,,,,
https://es.wallapop.com/item/capacite-chimenea-inox-888122297,capacite-chimenea-inox,Construccion,,,,,02-abr-23,,,,,,,,
https://es.wallapop.com/item/decoracion-pozos-888117294,decoracion-pozos,Construccion,,,,,02-abr-23,,,,,,,,
https://es.wallapop.com/item/caravana-y-suelo-elevado-888111570,caravana-y-suelo-elevado,Construccion,,,,,02-abr-23,,,,,,,,
https://es.wallapop.com/item/escalera-de-aluminio-888109481,escalera-de-aluminio,Construccion,,,,,02-abr-23,,,,,,,,
https://es.wallapop.com/item/pack-radial-230mm-mas-disco-turbo-888107906,pack-radial-230mm-mas-disco-turbo,Construccion,,,,,02-abr-23,,,,,,,,
https://es.wallapop.com/item/necesito-carpintero-888098192,necesito-carpintero,Construccion,,,,,02-abr-23,,,,,,,,
https://es.wallapop.com/item/amoladora-parkside-888097646,amoladora-parkside,Construccion,,,,,02-abr-23,,,,,,,,
https://es.wallapop.com/item/tejas-del-pais-888087165,tejas-del-pais,Construccion,,,,,02-abr-23,,,,,,,,
https://es.wallapop.com/item/ventana-velux-98x134-888083654,ventana-velux-98x134,Construccion,,,,,02-abr-23,,,,,,,,
https://es.wallapop.com/item/piedras-888083616,piedras,Construccion,,,,,02-abr-23,,,,,,,,
https://es.wallapop.com/item/ventana-velux-78-x-98-888082884,ventana-velux-78-x-98,Construccion,,,,,02-abr-23,,,,,,,,
https://es.wallapop.com/item/ventana-velux-888082357,ventana-velux,Construccion,,,,,02-abr-23,,,,,,,,
https://es.wallapop.com/item/ventana-velux-888081922,ventana-velux,Construccion,,,,,02-abr-23,,,,,,,,
https://es.wallapop.com/item/maquina-soldar-casi-nueva-888079618,maquina-soldar-casi-nueva,Construccion,,,,,02-abr-23,,,,,,,,
https://es.wallapop.com/item/portal-de-hierro-888074803,portal-de-hierro,Construccion,,,,,02-abr-23,,,,,,,,
https://es.wallapop.com/item/tubos-hierro-galvanizados-888064401,tubos-hierro-galvanizados,Construccion,,,,,02-abr-23,,,,,,,,
https://es.wallapop.com/item/chimenea-de-granito-moreno-888061474,chimenea-de-granito-moreno,Construccion,,,,,02-abr-23,,,,,,,,
https://es.wallapop.com/item/construccion-en-general-888057912,construccion-en-general,Construccion,,,,,02-abr-23,,,,,,,,
https://es.wallapop.com/item/escariador-10mm-888048688,escariador-10mm,Construccion,,,,,02-abr-23,,,,,,,,
https://es.wallapop.com/item/tapa-ciega-888044659,tapa-ciega,Construccion,,,,,02-abr-23,,,,,,,,
https://es.wallapop.com/item/colocacion-de-tarima-flotante-y-pintura-888041201,colocacion-de-tarima-flotante-y-pintura,Construccion,,,,,02-abr-23,,,,,,,,
https://es.wallapop.com/item/galeria-de-aluminio-con-5-ventanas-888039066,galeria-de-aluminio-con-5-ventanas,Construccion,,,,,02-abr-23,,,,,,,,
https://es.wallapop.com/item/50-metros-de-cable-15mm-888036519,50-metros-de-cable-15mm,Construccion,,,,,02-abr-23,,,,,,,,
https://es.wallapop.com/item/manguera-5x25-888034518,manguera-5x25,Construccion,,,,,02-abr-23,,,,,,,,
https://es.wallapop.com/item/tableros-888023382,tableros,Construccion,,,,,02-abr-23,,,,,,,,
https://es.wallapop.com/item/porta-motos-inox-muy-robusto-888167235,porta-motos-inox-muy-robusto,urge,,,,,02-abr-23,,,,,,,,
https://es.wallapop.com/item/caldera-roca-p30-888131735,caldera-roca-p30,urge,,,,,02-abr-23,,,,,,,,
https://es.wallapop.com/item/carrito-bebecar-888130243,carrito-bebecar,urge,,,,,02-abr-23,,,,,,,,
https://es.wallapop.com/item/minicuna-de-madera-pispas-888125644,minicuna-de-madera-pispas,urge,,,,,02-abr-23,,,,,,,,
https://es.wallapop.com/item/nintendo-switch-oled-urge-venta-888120166,nintendo-switch-oled-urge-venta,urge,,,,,02-abr-23,,,,,,,,
https://es.wallapop.com/item/lote-cartas-yugioh-duel-master-y-wow-888046496,lote-cartas-yugioh-duel-master-y-wow,urge,,,,,02-abr-23,,,,,,,,
https://es.wallapop.com/item/urge-venta-888042693,urge-venta,urge,,,,,02-abr-23,,,,,,,,
https://es.wallapop.com/item/oferta-888041327,oferta,urge,,,,,02-abr-23,,,,,,,,
https://es.wallapop.com/item/caldera-y-deposito-de-gasoil-agua-y-calefaccion-887999613,caldera-y-deposito-de-gasoil-agua-y-calefaccion,urge,,,,,02-abr-23,,,,,,,,
https://es.wallapop.com/item/toldo-terraza-887994051,toldo-terraza,urge,,,,,02-abr-23,,,,,,,,
https://es.wallapop.com/item/2-bodies-cotton-juice-talla-0-recien-nacido-887959730,2-bodies-cotton-juice-talla-0-recien-nacido,urge,,,,,02-abr-23,,,,,,,,
https://es.wallapop.com/item/2x1-pijamas-flores-bebe-talla-0-1-meses--zara-887958423,2x1-pijamas-flores-bebe-talla-0-1-meses--zara,urge,,,,,02-abr-23,,,,,,,,
https://es.wallapop.com/item/conjunto-wafle-zara--temporada-2223-887957948,conjunto-wafle-zara--temporada-2223,urge,,,,,02-abr-23,,,,,,,,
https://es.wallapop.com/item/2-poster-marvel-comics-887944461,2-poster-marvel-comics,urge,,,,,02-abr-23,,,,,,,,
https://es.wallapop.com/item/banco-vitage-887944395,banco-vitage,urge,,,,,02-abr-23,,,,,,,,
https://es.wallapop.com/item/espejo-bronce-vintage-887862347,espejo-bronce-vintage,urge,,,,,02-abr-23,,,,,,,,
https://es.wallapop.com/item/mesa-con-sillas-cocina-887860003,mesa-con-sillas-cocina,urge,,,,,02-abr-23,,,,,,,,
https://es.wallapop.com/item/pack-2-libros-biblia-del-guitarrista-887859565,pack-2-libros-biblia-del-guitarrista,urge,,,,,02-abr-23,,,,,,,,
https://es.wallapop.com/item/libro-alejandro-viana-887859327,libro-alejandro-viana,urge,,,,,02-abr-23,,,,,,,,
https://es.wallapop.com/item/libro-vladimir-lenin-887859122,libro-vladimir-lenin,urge,,,,,02-abr-23,,,,,,,,
https://es.wallapop.com/item/el-sueno-de-berlin-887858935,el-sueno-de-berlin,urge,,,,,02-abr-23,,,,,,,,
https://es.wallapop.com/item/antologia-poetica-siglo-de-oro-887858725,antologia-poetica-siglo-de-oro,urge,,,,,02-abr-23,,,,,,,,
https://es.wallapop.com/item/libro-la-pepatiempos-de-constitucion-887858366,libro-la-pepatiempos-de-constitucion,urge,,,,,02-abr-23,,,,,,,,
https://es.wallapop.com/item/libro-tristes-armas-887858070,libro-tristes-armas,urge,,,,,02-abr-23,,,,,,,,
https://es.wallapop.com/item/libro-programacion-scratch-887857797,libro-programacion-scratch,urge,,,,,02-abr-23,,,,,,,,
https://es.wallapop.com/item/libro-biografia-freddie-mercury-887857266,libro-biografia-freddie-mercury,urge,,,,,02-abr-23,,,,,,,,
https://es.wallapop.com/item/libro-quijote-887856990,libro-quijote,urge,,,,,02-abr-23,,,,,,,,
https://es.wallapop.com/item/mueble-tv-887856951,mueble-tv,urge,,,,,02-abr-23,,,,,,,,
https://es.wallapop.com/item/lote-dos-libros-stephen-king-887855839,lote-dos-libros-stephen-king,urge,,,,,02-abr-23,,,,,,,,
https://es.wallapop.com/item/lote-ready-player-onetwo-887854890,lote-ready-player-onetwo,urge,,,,,02-abr-23,,,,,,,,
https://es.wallapop.com/item/lote-6-libros-guinness-world-records-887854582,lote-6-libros-guinness-world-records,urge,,,,,02-abr-23,,,,,,,,
https://es.wallapop.com/item/libro-rockschool-grado-6-guitarra-887853632,libro-rockschool-grado-6-guitarra,urge,,,,,02-abr-23,,,,,,,,
https://es.wallapop.com/item/lotes-2-libros-videojuegos-887853244,lotes-2-libros-videojuegos,urge,,,,,02-abr-23,,,,,,,,
https://es.wallapop.com/item/malcor-racer-887835391,malcor-racer,urge,,,,,02-abr-23,,,,,,,,
https://es.wallapop.com/item/sofa-3-plazas-urge-vender-por-mudanza-887831702,sofa-3-plazas-urge-vender-por-mudanza,urge,,,,,02-abr-23,,,,,,,,
https://es.wallapop.com/item/bicicleta-btwin-887817918,bicicleta-btwin,urge,,,,,02-abr-23,,,,,,,,
https://es.wallapop.com/item/espejo-bano-887760734,espejo-bano,urge,,,,,02-abr-23,,,,,,,,
https://es.wallapop.com/item/mueble-lavabo-encastrar-887759031,mueble-lavabo-encastrar,urge,,,,,02-abr-23,,,,,,,,
https://es.wallapop.com/item/bide-887755894,bide,urge,,,,,02-abr-23,,,,,,,,
https://es.wallapop.com/item/se-regala-congelador-averiado-887753050,se-regala-congelador-averiado,urge,,,,,02-abr-23,,,,,,,,
https://es.wallapop.com/item/minas-auchan-0-7cm-888030464,minas-auchan-0-7cm,urgente,,,,,02-abr-23,,,,,,,,
https://es.wallapop.com/item/muebles-habitacion-887855791,muebles-habitacion,urgente,,,,,02-abr-23,,,,,,,,
https://es.wallapop.com/item/comedor-lujo-mesa-extensible-886811940,comedor-lujo-mesa-extensible,urgente,,,,,02-abr-23,,,,,,,,
https://es.wallapop.com/item/alfombras-ford-focus-888171861,alfombras-ford-focus,antiguo,,,,,02-abr-23,,,,,,,,
https://es.wallapop.com/item/estuche-de-guitarra-antiguo-888167268,estuche-de-guitarra-antiguo,antiguo,,,,,02-abr-23,,,,,,,,
https://es.wallapop.com/item/antiguo-espejo-de-bronce-con-lamparas-888166607,antiguo-espejo-de-bronce-con-lamparas,antiguo,,,,,02-abr-23,,,,,,,,
https://es.wallapop.com/item/carrete-de-pesca-sagarra-888163276,carrete-de-pesca-sagarra,antiguo,,,,,02-abr-23,,,,,,,,
https://es.wallapop.com/item/corta-ostias-888160782,corta-ostias,antiguo,,,,,02-abr-23,,,,,,,,
https://es.wallapop.com/item/carcasa-y-espadin-renault-clio-r5-r19-r21-888138695,carcasa-y-espadin-renault-clio-r5-r19-r21,antiguo,,,,,02-abr-23,,,,,,,,
https://es.wallapop.com/item/monopoly-888137573,monopoly,antiguo,,,,,02-abr-23,,,,,,,,
https://es.wallapop.com/item/reloj-antiguo-888132762,reloj-antiguo,antiguo,,,,,02-abr-23,,,,,,,,
https://es.wallapop.com/item/chinero-antigüo-restaurar-888132169,chinero-antigüo-restaurar,antiguo,,,,,02-abr-23,,,,,,,,
https://es.wallapop.com/item/chinero-antigüo-888130853,chinero-antigüo,antiguo,,,,,02-abr-23,,,,,,,,
https://es.wallapop.com/item/piloto-trasero-rinder-para-bicicletas-y-ciclimotor-888130631,piloto-trasero-rinder-para-bicicletas-y-ciclimotor,antiguo,,,,,02-abr-23,,,,,,,,
https://es.wallapop.com/item/chinero-antigüo-888129754,chinero-antigüo,antiguo,,,,,02-abr-23,,,,,,,,
https://es.wallapop.com/item/morcilla-y-ki-bmx-racing-team-888128085,morcilla-y-ki-bmx-racing-team,antiguo,,,,,02-abr-23,,,,,,,,
https://es.wallapop.com/item/bano-antiguo-888124554,bano-antiguo,antiguo,,,,,02-abr-23,,,,,,,,
https://es.wallapop.com/item/perchero-paragüero-888121149,perchero-paragüero,antiguo,,,,,02-abr-23,,,,,,,,
https://es.wallapop.com/item/guantes-antiguos-moto-o-bici-888107636,guantes-antiguos-moto-o-bici,antiguo,,,,,02-abr-23,,,,,,,,
https://es.wallapop.com/item/mini-gt-888102877,mini-gt,antiguo,,,,,02-abr-23,,,,,,,,
https://es.wallapop.com/item/necesito-carpintero-888098192,necesito-carpintero,antiguo,,,,,02-abr-23,,,,,,,,
https://es.wallapop.com/item/billetes-antiguos-888089541,billetes-antiguos,antiguo,,,,,02-abr-23,,,,,,,,
https://es.wallapop.com/item/protector-cadena-de-derbi-gpr-75-888088259,protector-cadena-de-derbi-gpr-75,antiguo,,,,,02-abr-23,,,,,,,,
https://es.wallapop.com/item/billetes-888082076,billetes,antiguo,,,,,02-abr-23,,,,,,,,
https://es.wallapop.com/item/cabecero-de-hierro-120-888081415,cabecero-de-hierro-120,antiguo,,,,,02-abr-23,,,,,,,,
https://es.wallapop.com/item/jarron-antigüo-888071404,jarron-antigüo,antiguo,,,,,02-abr-23,,,,,,,,
https://es.wallapop.com/item/saga-cronicas-reino-fantasia-geronimo-stilton-888051646,saga-cronicas-reino-fantasia-geronimo-stilton,antiguo,,,,,02-abr-23,,,,,,,,
https://es.wallapop.com/item/pendientes-plata-antiguos-888044564,pendientes-plata-antiguos,antiguo,,,,,02-abr-23,,,,,,,,
https://es.wallapop.com/item/atril-altar-misal-antiguo-simbolo-papal-888041842,atril-altar-misal-antiguo-simbolo-papal,antiguo,,,,,02-abr-23,,,,,,,,
https://es.wallapop.com/item/forceps-comadrona-antiguos-40-cms-largo-888037138,forceps-comadrona-antiguos-40-cms-largo,antiguo,,,,,02-abr-23,,,,,,,,
https://es.wallapop.com/item/asmir-no-quiere-pistolas-888025486,asmir-no-quiere-pistolas,antiguo,,,,,02-abr-23,,,,,,,,
https://es.wallapop.com/item/muebles-antiguos-de-pasillo-888025394,muebles-antiguos-de-pasillo,antiguo,,,,,02-abr-23,,,,,,,,
https://es.wallapop.com/item/bano-antiguo-888022127,bano-antiguo,antiguo,,,,,02-abr-23,,,,,,,,
https://es.wallapop.com/item/jadeita-antiguo-colgante-888021944,jadeita-antiguo-colgante,antiguo,,,,,02-abr-23,,,,,,,,
https://es.wallapop.com/item/jadeita-antiguo-colgante-888021579,jadeita-antiguo-colgante,antiguo,,,,,02-abr-23,,,,,,,,
https://es.wallapop.com/item/llantas-mercedes-en-15-5x112-888021104,llantas-mercedes-en-15-5x112,antiguo,,,,,02-abr-23,,,,,,,,
https://es.wallapop.com/item/sofa-antiguo-888018722,sofa-antiguo,antiguo,,,,,02-abr-23,,,,,,,,
https://es.wallapop.com/item/mesa-cafe-o-decorativa-rustica-888003972,mesa-cafe-o-decorativa-rustica,antiguo,,,,,02-abr-23,,,,,,,,
https://es.wallapop.com/item/lote-de-llaveros-navaja-antiguos-887988703,lote-de-llaveros-navaja-antiguos,antiguo,,,,,02-abr-23,,,,,,,,
https://es.wallapop.com/item/lote-de-llaveros-navaja-antiguos-887984770,lote-de-llaveros-navaja-antiguos,antiguo,,,,,02-abr-23,,,,,,,,
https://es.wallapop.com/item/lote-de-llaveros-navaja-antiguos-887983001,lote-de-llaveros-navaja-antiguos,antiguo,,,,,02-abr-23,,,,,,,,
https://es.wallapop.com/item/llavero-pistola-navaja-automatica-887980686,llavero-pistola-navaja-automatica,antiguo,,,,,02-abr-23,,,,,,,,
https://es.wallapop.com/item/volkswagen-golf-2-887976434,volkswagen-golf-2,antiguo,,,,,02-abr-23,,,,,,,,
https://es.wallapop.com/item/zapatos-vintage-888173233,zapatos-vintage,vintage,,,,,02-abr-23,,,,,,,,
https://es.wallapop.com/item/zapatos-vintage-888170899,zapatos-vintage,vintage,,,,,02-abr-23,,,,,,,,
https://es.wallapop.com/item/muneco-de-payaso-888168674,muneco-de-payaso,vintage,,,,,02-abr-23,,,,,,,,
https://es.wallapop.com/item/estuche-de-guitarra-antiguo-888167268,estuche-de-guitarra-antiguo,vintage,,,,,02-abr-23,,,,,,,,
https://es.wallapop.com/item/antiguo-espejo-de-bronce-con-lamparas-888166607,antiguo-espejo-de-bronce-con-lamparas,vintage,,,,,02-abr-23,,,,,,,,
https://es.wallapop.com/item/10-copas-de-licor-finelsa-888160631,10-copas-de-licor-finelsa,vintage,,,,,02-abr-23,,,,,,,,
https://es.wallapop.com/item/làmpara-quinque-vintage-electrica-888154770,làmpara-quinque-vintage-electrica,vintage,,,,,02-abr-23,,,,,,,,
https://es.wallapop.com/item/piezas-bano-888152848,piezas-bano,vintage,,,,,02-abr-23,,,,,,,,
https://es.wallapop.com/item/zapatillas-isabel-marant-vintage-888146169,zapatillas-isabel-marant-vintage,vintage,,,,,02-abr-23,,,,,,,,
https://es.wallapop.com/item/comoda-888140148,comoda,vintage,,,,,02-abr-23,,,,,,,,
https://es.wallapop.com/item/deshumuficador-vintage-888138625,deshumuficador-vintage,vintage,,,,,02-abr-23,,,,,,,,
https://es.wallapop.com/item/maleta-vintage-888121086,maleta-vintage,vintage,,,,,02-abr-23,,,,,,,,
https://es.wallapop.com/item/joyero-armario-888117059,joyero-armario,vintage,,,,,02-abr-23,,,,,,,,
https://es.wallapop.com/item/conjunto-cabeceros-camas-gemelas-y-mesillas-888115191,conjunto-cabeceros-camas-gemelas-y-mesillas,vintage,,,,,02-abr-23,,,,,,,,
https://es.wallapop.com/item/armario-joyero-vintage-888112641,armario-joyero-vintage,vintage,,,,,02-abr-23,,,,,,,,
https://es.wallapop.com/item/maqueta-de-barco-888110872,maqueta-de-barco,vintage,,,,,02-abr-23,,,,,,,,
https://es.wallapop.com/item/maletin-vintage-club-cortefiel-888109474,maletin-vintage-club-cortefiel,vintage,,,,,02-abr-23,,,,,,,,
https://es.wallapop.com/item/transformers-blackout-voyager-class-2006-completo-888108884,transformers-blackout-voyager-class-2006-completo,vintage,,,,,02-abr-23,,,,,,,,
https://es.wallapop.com/item/mascara-venecianas-vintage-888107268,mascara-venecianas-vintage,vintage,,,,,02-abr-23,,,,,,,,
https://es.wallapop.com/item/gran-fuente-ovalada-vintage-888105633,gran-fuente-ovalada-vintage,vintage,,,,,02-abr-23,,,,,,,,
https://es.wallapop.com/item/gran-fuente-ovalada-vintage-888104234,gran-fuente-ovalada-vintage,vintage,,,,,02-abr-23,,,,,,,,
https://es.wallapop.com/item/pack-gorra-vintage-888094793,pack-gorra-vintage,vintage,,,,,02-abr-23,,,,,,,,
https://es.wallapop.com/item/pack-gorra-vintage-888094239,pack-gorra-vintage,vintage,,,,,02-abr-23,,,,,,,,
https://es.wallapop.com/item/lote-de-4cortes-de-telas-vintage-888094193,lote-de-4cortes-de-telas-vintage,vintage,,,,,02-abr-23,,,,,,,,
https://es.wallapop.com/item/pack-gorra-hip-hop-888093072,pack-gorra-hip-hop,vintage,,,,,02-abr-23,,,,,,,,
https://es.wallapop.com/item/pack-gorra-hip-hop-888091798,pack-gorra-hip-hop,vintage,,,,,02-abr-23,,,,,,,,
https://es.wallapop.com/item/tv-antigua-en-buen-estado-888090469,tv-antigua-en-buen-estado,vintage,,,,,02-abr-23,,,,,,,,
https://es.wallapop.com/item/lote-de-4-cortes-de-telas-vintage-888087288,lote-de-4-cortes-de-telas-vintage,vintage,,,,,02-abr-23,,,,,,,,
https://es.wallapop.com/item/reloj-de-pared---jaz---vintage---con-sonido-888080156,reloj-de-pared---jaz---vintage---con-sonido,vintage,,,,,02-abr-23,,,,,,,,
https://es.wallapop.com/item/polaroid-635cl-supercolor-888071891,polaroid-635cl-supercolor,vintage,,,,,02-abr-23,,,,,,,,
https://es.wallapop.com/item/conejos-pascua---efecto-vintage-888068433,conejos-pascua---efecto-vintage,vintage,,,,,02-abr-23,,,,,,,,
https://es.wallapop.com/item/lampara-888065567,lampara,vintage,,,,,02-abr-23,,,,,,,,
https://es.wallapop.com/item/chaleco-escoces-vintage-888064022,chaleco-escoces-vintage,vintage,,,,,02-abr-23,,,,,,,,
https://es.wallapop.com/item/panuelo-cuadrado-animal-print-888061407,panuelo-cuadrado-animal-print,vintage,,,,,02-abr-23,,,,,,,,
https://es.wallapop.com/item/adidas-busenitz-888057565,adidas-busenitz,vintage,,,,,02-abr-23,,,,,,,,
https://es.wallapop.com/item/butaca-vintage-888055778,butaca-vintage,vintage,,,,,02-abr-23,,,,,,,,
https://es.wallapop.com/item/abrigo-fila-888055175,abrigo-fila,vintage,,,,,02-abr-23,,,,,,,,
https://es.wallapop.com/item/barbies-en-venta--888053226,barbies-en-venta-,vintage,,,,,02-abr-23,,,,,,,,
https://es.wallapop.com/item/mochila-futbol-888052086,mochila-futbol,vintage,,,,,02-abr-23,,,,,,,,
https://es.wallapop.com/item/50-botones-de-madera-tipo-trenka-888034313,50-botones-de-madera-tipo-trenka,vintage,,,,,02-abr-23,,,,,,,,
https://es.wallapop.com/item/lote-toallas-888175322,lote-toallas,lote,,,,,02-abr-23,,,,,,,,
https://es.wallapop.com/item/lote-animales-888174905,lote-animales,lote,,,,,02-abr-23,,,,,,,,
https://es.wallapop.com/item/lote-bandejas-888174812,lote-bandejas,lote,,,,,02-abr-23,,,,,,,,
https://es.wallapop.com/item/lote-recipientes-barro-888174670,lote-recipientes-barro,lote,,,,,02-abr-23,,,,,,,,
https://es.wallapop.com/item/libros--dos-titulos-888174632,libros--dos-titulos,lote,,,,,02-abr-23,,,,,,,,
https://es.wallapop.com/item/placas-antiguas-maquinas-mobba-anos-7080-888174610,placas-antiguas-maquinas-mobba-anos-7080,lote,,,,,02-abr-23,,,,,,,,
https://es.wallapop.com/item/lote-olla-y-cafetera-ceramica-888174274,lote-olla-y-cafetera-ceramica,lote,,,,,02-abr-23,,,,,,,,
https://es.wallapop.com/item/lote-lamparas-888173924,lote-lamparas,lote,,,,,02-abr-23,,,,,,,,
https://es.wallapop.com/item/lote-mantas-888172971,lote-mantas,lote,,,,,02-abr-23,,,,,,,,
https://es.wallapop.com/item/lote-insignias-mobba-muy-antiguas-888171568,lote-insignias-mobba-muy-antiguas,lote,,,,,02-abr-23,,,,,,,,
https://es.wallapop.com/item/lote-adrenalyn-guantes-de-oro-888168580,lote-adrenalyn-guantes-de-oro,lote,,,,,02-abr-23,,,,,,,,
https://es.wallapop.com/item/familia-de-jabalis-schleich-888168349,familia-de-jabalis-schleich,lote,,,,,02-abr-23,,,,,,,,
https://es.wallapop.com/item/lote-vestidos-4-5-6-anos-888162875,lote-vestidos-4-5-6-anos,lote,,,,,02-abr-23,,,,,,,,
https://es.wallapop.com/item/lote-pistas-scalextric-exin-888158130,lote-pistas-scalextric-exin,lote,,,,,02-abr-23,,,,,,,,
https://es.wallapop.com/item/accesorios-aspirador-kebold-eb370-888158071,accesorios-aspirador-kebold-eb370,lote,,,,,02-abr-23,,,,,,,,
https://es.wallapop.com/item/santana-anibal-888158001,santana-anibal,lote,,,,,02-abr-23,,,,,,,,
https://es.wallapop.com/item/lote-camisetas-zara-18-meses-888157509,lote-camisetas-zara-18-meses,lote,,,,,02-abr-23,,,,,,,,
https://es.wallapop.com/item/lote-4-pantalones-cortos-zara-18-meses-888157089,lote-4-pantalones-cortos-zara-18-meses,lote,,,,,02-abr-23,,,,,,,,
https://es.wallapop.com/item/animales-schleich-nuevos-verde-888156637,animales-schleich-nuevos-verde,lote,,,,,02-abr-23,,,,,,,,
https://es.wallapop.com/item/animales-schleich-nuevos-gris-888155743,animales-schleich-nuevos-gris,lote,,,,,02-abr-23,,,,,,,,
https://es.wallapop.com/item/lote-5-pocillos-y-platos-grande-cafe-con-leche-888155217,lote-5-pocillos-y-platos-grande-cafe-con-leche,lote,,,,,02-abr-23,,,,,,,,
https://es.wallapop.com/item/lote-pocillo-cafe-con-leche-vaso-cristal-888154884,lote-pocillo-cafe-con-leche-vaso-cristal,lote,,,,,02-abr-23,,,,,,,,
https://es.wallapop.com/item/lote-6-pocillos-cafe-con-leche-grande-888154596,lote-6-pocillos-cafe-con-leche-grande,lote,,,,,02-abr-23,,,,,,,,
https://es.wallapop.com/item/animales-schleich-nuevos-amarilla-888153809,animales-schleich-nuevos-amarilla,lote,,,,,02-abr-23,,,,,,,,
https://es.wallapop.com/item/radiador-bajo-consumo-888152616,radiador-bajo-consumo,lote,,,,,02-abr-23,,,,,,,,
https://es.wallapop.com/item/animales-schleich-nuevos-roja-888151914,animales-schleich-nuevos-roja,lote,,,,,02-abr-23,,,,,,,,
https://es.wallapop.com/item/lote-mangos-888147273,lote-mangos,lote,,,,,02-abr-23,,,,,,,,
https://es.wallapop.com/item/lote-de-4-pantalones-talla-m-888144632,lote-de-4-pantalones-talla-m,lote,,,,,02-abr-23,,,,,,,,
https://es.wallapop.com/item/lote-de-estantes-de-cristal-biselado-888144596,lote-de-estantes-de-cristal-biselado,lote,,,,,02-abr-23,,,,,,,,
https://es.wallapop.com/item/lote-banadores-disney-talla-4-5-888143298,lote-banadores-disney-talla-4-5,lote,,,,,02-abr-23,,,,,,,,
https://es.wallapop.com/item/lote-banadores-3-4-anos-888141717,lote-banadores-3-4-anos,lote,,,,,02-abr-23,,,,,,,,
https://es.wallapop.com/item/atomizador-cisternacarretilla-888141201,atomizador-cisternacarretilla,lote,,,,,02-abr-23,,,,,,,,
https://es.wallapop.com/item/se-venden-neveras-hosteleria-888138481,se-venden-neveras-hosteleria,lote,,,,,02-abr-23,,,,,,,,
https://es.wallapop.com/item/rejas-de-cultivador-888137773,rejas-de-cultivador,lote,,,,,02-abr-23,,,,,,,,
https://es.wallapop.com/item/punteras-bellota-kverneland-888136434,punteras-bellota-kverneland,lote,,,,,02-abr-23,,,,,,,,
https://es.wallapop.com/item/lote-manetas-puerta-seat-600-888135491,lote-manetas-puerta-seat-600,lote,,,,,02-abr-23,,,,,,,,
https://es.wallapop.com/item/hamaca-bebe-888134250,hamaca-bebe,lote,,,,,02-abr-23,,,,,,,,
https://es.wallapop.com/item/lote-interruptores-salpicadero-seat-600-888133096,lote-interruptores-salpicadero-seat-600,lote,,,,,02-abr-23,,,,,,,,
https://es.wallapop.com/item/lote-de-17-figuras-888130424,lote-de-17-figuras,lote,,,,,02-abr-23,,,,,,,,
https://es.wallapop.com/item/gigabyte--accesorios-888128575,gigabyte--accesorios,lote,,,,,02-abr-23,,,,,,,,
